Type,Field,GraphQL Type,Base Type,Nullable,Kind
Client,balance,Float!,Float,No,OBJECT
Client,billingAddress,ClientAddress,ClientAddress,Yes,OBJECT
Client,billingAddressPresent,Boolean!,Boolean,No,OBJECT
Client,clientProperties,PropertyConnection!,PropertyConnection,No,OBJECT
Client,companyName,String,String,Yes,OBJECT
Client,contacts,ContactModelConnection!,ContactModelConnection,No,OBJECT
Client,createdAt,ISO8601DateTime!,ISO8601DateTime,No,OBJECT
Client,customFields,[Unknown]!,Unknown,No,OBJECT
Client,defaultEmails,[Unknown]!,Unknown,No,OBJECT
Client,defaultPhones,[Unknown]!,Unknown,No,OBJECT
Client,emails,[Unknown]!,Unknown,No,OBJECT
Client,firstName,String!,String,No,OBJECT
Client,id,EncodedId!,EncodedId,No,OBJECT
Client,invoices,InvoiceConnection!,InvoiceConnection,No,OBJECT
Client,isArchivable,Boolean!,Boolean,No,OBJECT
Client,isArchived,Boolean!,Boolean,No,OBJECT
Client,isCompany,Boolean!,Boolean,No,OBJECT
Client,isLead,Boolean!,Boolean,No,OBJECT
Client,jobberWebUri,String!,String,No,OBJECT
Client,jobs,JobConnection!,JobConnection,No,OBJECT
Client,lastName,String!,String,No,OBJECT
Client,messages,MessageInterfaceConnection!,MessageInterfaceConnection,No,OBJECT
Client,name,String!,String,No,OBJECT
Client,noteAttachments,ClientNoteFileConnection!,ClientNoteFileConnection,No,OBJECT
Client,notes,ClientNoteConnection!,ClientNoteConnection,No,OBJECT
Client,phones,[Unknown]!,Unknown,No,OBJECT
Client,quotes,QuoteConnection!,QuoteConnection,No,OBJECT
Client,receivesFollowUps,Boolean!,Boolean,No,OBJECT
Client,receivesInvoiceFollowUps,Boolean!,Boolean,No,OBJECT
Client,receivesQuoteFollowUps,Boolean!,Boolean,No,OBJECT
Client,receivesReminders,Boolean!,Boolean,No,OBJECT
Client,receivesReviewRequests,Boolean!,Boolean,No,OBJECT
Client,requestedWorkObjects,RequestedWorkObjectUnionConnection,RequestedWorkObjectUnionConnection,Yes,OBJECT
Client,requests,RequestConnection!,RequestConnection,No,OBJECT
Client,sampleData,Boolean!,Boolean,No,OBJECT
Client,scheduledItems,ScheduledItemInterfaceConnection!,ScheduledItemInterfaceConnection,No,OBJECT
Client,secondaryName,String,String,Yes,OBJECT
Client,sourceAttribution,SourceAttribution,SourceAttribution,Yes,OBJECT
Client,tags,TagConnection!,TagConnection,No,OBJECT
Client,title,String,String,Yes,OBJECT
Client,unallocatedDepositRecords,PaymentRecordInterfaceConnection!,PaymentRecordInterfaceConnection,No,OBJECT
Client,updatedAt,ISO8601DateTime!,ISO8601DateTime,No,OBJECT
ClientAddress,city,String!,String,No,OBJECT
ClientAddress,country,String!,String,No,OBJECT
ClientAddress,latitude,String!,String,No,OBJECT
ClientAddress,longitude,String!,String,No,OBJECT
ClientAddress,name,String,String,Yes,OBJECT
ClientAddress,postalCode,String!,String,No,OBJECT
ClientAddress,province,String!,String,No,OBJECT
ClientAddress,street,String!,String,No,OBJECT
ClientAddress,street1,String!,String,No,OBJECT
ClientAddress,street2,String!,String,No,OBJECT
ClientPhoneNumber,client,Client!,Client,No,OBJECT
ClientPhoneNumber,contact,ContactModel,ContactModel,Yes,OBJECT
ClientPhoneNumber,description,String!,String,No,OBJECT
ClientPhoneNumber,friendly,String!,String,No,OBJECT
ClientPhoneNumber,id,EncodedId!,EncodedId,No,OBJECT
ClientPhoneNumber,normalizedPhoneNumber,String,String,Yes,OBJECT
ClientPhoneNumber,number,String!,String,No,OBJECT
ClientPhoneNumber,primary,Boolean!,Boolean,No,OBJECT
ClientPhoneNumber,smsAllowed,Boolean!,Boolean,No,OBJECT
Email,address,String!,String,No,OBJECT
Email,client,Client!,Client,No,OBJECT
Email,contact,ContactModel,ContactModel,Yes,OBJECT
Email,description,String!,String,No,OBJECT
Email,id,EncodedId!,EncodedId,No,OBJECT
Email,primary,Boolean!,Boolean,No,OBJECT
Expense,createdAt,ISO8601DateTime!,ISO8601DateTime,No,OBJECT
Expense,date,ISO8601DateTime!,ISO8601DateTime,No,OBJECT
Expense,description,String,String,Yes,OBJECT
Expense,enteredBy,User,User,Yes,OBJECT
Expense,id,EncodedId!,EncodedId,No,OBJECT
Expense,linkedJob,Job,Job,Yes,OBJECT
Expense,paidBy,User,User,Yes,OBJECT
Expense,reimbursableTo,User,User,Yes,OBJECT
Expense,title,String!,String,No,OBJECT
Expense,total,Float,Float,Yes,OBJECT
Expense,updatedAt,ISO8601DateTime!,ISO8601DateTime,No,OBJECT
Invoice,allowReviewRequest,Boolean!,Boolean,No,OBJECT
Invoice,amounts,InvoiceAmounts,InvoiceAmounts,Yes,OBJECT
Invoice,billingAddress,InvoiceBillingAddress,InvoiceBillingAddress,Yes,OBJECT
Invoice,billingIsSameAsPropertyAddress,Boolean,Boolean,Yes,OBJECT
Invoice,client,Client,Client,Yes,OBJECT
Invoice,clientHubUri,String,String,Yes,OBJECT
Invoice,contractDisclaimer,String,String,Yes,OBJECT
Invoice,createdAt,ISO8601DateTime!,ISO8601DateTime,No,OBJECT
Invoice,customFields,[Unknown]!,Unknown,No,OBJECT
Invoice,dateViewedInClientHub,ISO8601DateTime,ISO8601DateTime,Yes,OBJECT
Invoice,dueDate,ISO8601DateTime,ISO8601DateTime,Yes,OBJECT
Invoice,hasInvoiceNumberDuplicates,Boolean!,Boolean,No,OBJECT
Invoice,id,EncodedId!,EncodedId,No,OBJECT
Invoice,invoiceNet,Int,Int,Yes,OBJECT
Invoice,invoiceNumber,String!,String,No,OBJECT
Invoice,invoiceStatus,InvoiceStatusTypeEnum!,InvoiceStatusTypeEnum,No,OBJECT
Invoice,issuedDate,ISO8601DateTime,ISO8601DateTime,Yes,OBJECT
Invoice,jobberWebUri,String!,String,No,OBJECT
Invoice,jobs,JobConnection!,JobConnection,No,OBJECT
Invoice,lineItems,InvoiceLineItemConnection!,InvoiceLineItemConnection,No,OBJECT
Invoice,linkedCommunications,MessageInterfaceConnection!,MessageInterfaceConnection,No,OBJECT
Invoice,message,String,String,Yes,OBJECT
Invoice,nextDateToSendReviewSms,ISO8601DateTime,ISO8601DateTime,Yes,OBJECT
Invoice,noteAttachments,InvoiceNoteFileConnection!,InvoiceNoteFileConnection,No,OBJECT
Invoice,notes,InvoiceNoteUnionConnection!,InvoiceNoteUnionConnection,No,OBJECT
Invoice,paymentRecords,PaymentRecordConnection!,PaymentRecordConnection,No,OBJECT
Invoice,properties,PropertyConnection!,PropertyConnection,No,OBJECT
Invoice,receivedDate,ISO8601DateTime,ISO8601DateTime,Yes,OBJECT
Invoice,salesperson,User,User,Yes,OBJECT
Invoice,subject,String!,String,No,OBJECT
Invoice,taxCalculationMethod,String!,String,No,OBJECT
Invoice,taxDetails,TaxDetails,TaxDetails,Yes,OBJECT
Invoice,taxRate,TaxRate,TaxRate,Yes,OBJECT
Invoice,updatedAt,ISO8601DateTime!,ISO8601DateTime,No,OBJECT
Invoice,visits,VisitConnection!,VisitConnection,No,OBJECT
InvoiceAmounts,depositAmount,Float!,Float,No,OBJECT
InvoiceAmounts,discountAmount,Float!,Float,No,OBJECT
InvoiceAmounts,invoiceBalance,Float!,Float,No,OBJECT
InvoiceAmounts,legacyDiscountAmount,Float!,Float,No,OBJECT
InvoiceAmounts,nonTaxAmount,Float!,Float,No,OBJECT
InvoiceAmounts,paymentsTotal,Float!,Float,No,OBJECT
InvoiceAmounts,subtotal,Float!,Float,No,OBJECT
InvoiceAmounts,taxAmount,Float!,Float,No,OBJECT
InvoiceAmounts,tipsTotal,Float!,Float,No,OBJECT
InvoiceAmounts,total,Float!,Float,No,OBJECT
InvoiceLineItem,category,ProductsAndServicesCategory!,ProductsAndServicesCategory,No,OBJECT
InvoiceLineItem,createdAt,ISO8601DateTime!,ISO8601DateTime,No,OBJECT
InvoiceLineItem,date,ISO8601DateTime,ISO8601DateTime,Yes,OBJECT
InvoiceLineItem,description,String!,String,No,OBJECT
InvoiceLineItem,id,EncodedId!,EncodedId,No,OBJECT
InvoiceLineItem,jobLineItem,JobLineItem,JobLineItem,Yes,OBJECT
InvoiceLineItem,linkedProductOrService,ProductOrService,ProductOrService,Yes,OBJECT
InvoiceLineItem,name,String!,String,No,OBJECT
InvoiceLineItem,originalCost,Float,Float,Yes,OBJECT
InvoiceLineItem,quantity,Float!,Float,No,OBJECT
InvoiceLineItem,taxRate,TaxRate!,TaxRate,No,OBJECT
InvoiceLineItem,taxable,Boolean!,Boolean,No,OBJECT
InvoiceLineItem,totalPrice,Float!,Float,No,OBJECT
InvoiceLineItem,unitPrice,Float!,Float,No,OBJECT
InvoiceLineItem,updatedAt,ISO8601DateTime!,ISO8601DateTime,No,OBJECT
Job,allowReviewRequest,Boolean!,Boolean,No,OBJECT
Job,arrivalWindow,ArrivalWindow,ArrivalWindow,Yes,OBJECT
Job,billingType,BillingStrategy!,BillingStrategy,No,OBJECT
Job,bookingConfirmationSentAt,ISO8601DateTime,ISO8601DateTime,Yes,OBJECT
Job,client,Client!,Client,No,OBJECT
Job,completedAt,ISO8601DateTime,ISO8601DateTime,Yes,OBJECT
Job,createdAt,ISO8601DateTime!,ISO8601DateTime,No,OBJECT
Job,customFields,[Unknown]!,Unknown,No,OBJECT
Job,defaultVisitTitle,String!,String,No,OBJECT
Job,endAt,ISO8601DateTime,ISO8601DateTime,Yes,OBJECT
Job,expenses,ExpenseConnection!,ExpenseConnection,No,OBJECT
Job,id,EncodedId!,EncodedId,No,OBJECT
Job,instructions,String,String,Yes,OBJECT
Job,invoiceSchedule,InvoiceSchedule!,InvoiceSchedule,No,OBJECT
Job,invoicedTotal,Float!,Float,No,OBJECT
Job,invoices,InvoiceConnection!,InvoiceConnection,No,OBJECT
Job,jobBalanceTotals,JobBalanceTotals,JobBalanceTotals,Yes,OBJECT
Job,jobCosting,JobCosting,JobCosting,Yes,OBJECT
Job,jobNumber,Int!,Int,No,OBJECT
Job,jobStatus,JobStatusTypeEnum!,JobStatusTypeEnum,No,OBJECT
Job,jobType,JobTypeTypeEnum!,JobTypeTypeEnum,No,OBJECT
Job,jobberWebUri,String!,String,No,OBJECT
Job,lineItems,JobLineItemConnection!,JobLineItemConnection,No,OBJECT
Job,nextDateToSendReviewSms,ISO8601DateTime,ISO8601DateTime,Yes,OBJECT
Job,noteAttachments,JobNoteFileConnection!,JobNoteFileConnection,No,OBJECT
Job,notes,JobNoteUnionConnection!,JobNoteUnionConnection,No,OBJECT
Job,paymentRecords,PaymentRecordConnection!,PaymentRecordConnection,No,OBJECT
Job,property,Property!,Property,No,OBJECT
Job,quote,Quote,Quote,Yes,OBJECT
Job,request,Request,Request,Yes,OBJECT
Job,salesperson,User,User,Yes,OBJECT
Job,source,Source!,Source,No,OBJECT
Job,startAt,ISO8601DateTime,ISO8601DateTime,Yes,OBJECT
Job,timeSheetEntries,TimeSheetEntryConnection!,TimeSheetEntryConnection,No,OBJECT
Job,title,String,String,Yes,OBJECT
Job,total,Float!,Float,No,OBJECT
Job,uninvoicedTotal,Float!,Float,No,OBJECT
Job,updatedAt,ISO8601DateTime!,ISO8601DateTime,No,OBJECT
Job,visitSchedule,VisitSchedule!,VisitSchedule,No,OBJECT
Job,visits,VisitConnection!,VisitConnection,No,OBJECT
Job,visitsInfo,VisitsInfo!,VisitsInfo,No,OBJECT
Job,willClientBeAutomaticallyCharged,Boolean,Boolean,Yes,OBJECT
ProductOrService,bookableType,SelfServeBooking,SelfServeBooking,Yes,OBJECT
ProductOrService,category,ProductsAndServicesCategory!,ProductsAndServicesCategory,No,OBJECT
ProductOrService,defaultUnitCost,Float!,Float,No,OBJECT
ProductOrService,description,String,String,Yes,OBJECT
ProductOrService,durationMinutes,Minutes,Minutes,Yes,OBJECT
ProductOrService,id,EncodedId!,EncodedId,No,OBJECT
ProductOrService,internalUnitCost,Float,Float,Yes,OBJECT
ProductOrService,lastJobLineItem,JobLineItem,JobLineItem,Yes,OBJECT
ProductOrService,lastQuoteLineItem,QuoteLineItem,QuoteLineItem,Yes,OBJECT
ProductOrService,markup,Float,Float,Yes,OBJECT
ProductOrService,name,String!,String,No,OBJECT
ProductOrService,onlineBookingSortOrder,Int,Int,Yes,OBJECT
ProductOrService,onlineBookingsEnabled,Boolean,Boolean,Yes,OBJECT
ProductOrService,quantityRange,QuantityRange,QuantityRange,Yes,OBJECT
ProductOrService,taxable,Boolean,Boolean,Yes,OBJECT
ProductOrService,visible,Boolean,Boolean,Yes,OBJECT
Property,address,PropertyAddress!,PropertyAddress,No,OBJECT
Property,client,Client,Client,Yes,OBJECT
Property,contacts,ContactModelConnection,ContactModelConnection,Yes,OBJECT
Property,customFields,[Unknown]!,Unknown,No,OBJECT
Property,id,EncodedId!,EncodedId,No,OBJECT
Property,isBillingAddress,Boolean,Boolean,Yes,OBJECT
Property,jobberWebUri,String!,String,No,OBJECT
Property,jobs,JobConnection!,JobConnection,No,OBJECT
Property,name,String,String,Yes,OBJECT
Property,quotes,QuoteConnection!,QuoteConnection,No,OBJECT
Property,recentPricing,ProductOrServiceConnection,ProductOrServiceConnection,Yes,OBJECT
Property,requests,RequestConnection!,RequestConnection,No,OBJECT
Property,routingOrder,Int,Int,Yes,OBJECT
Property,taxRate,TaxRate,TaxRate,Yes,OBJECT
PropertyAddress,city,String,String,Yes,OBJECT
PropertyAddress,coordinates,GeoPoint,GeoPoint,Yes,OBJECT
PropertyAddress,country,String,String,Yes,OBJECT
PropertyAddress,geoStatus,GeoStatus,GeoStatus,Yes,OBJECT
PropertyAddress,id,EncodedId!,EncodedId,No,OBJECT
PropertyAddress,name,String,String,Yes,OBJECT
PropertyAddress,postalCode,String,String,Yes,OBJECT
PropertyAddress,province,String,String,Yes,OBJECT
PropertyAddress,street,String!,String,No,OBJECT
PropertyAddress,street1,String,String,Yes,OBJECT
PropertyAddress,street2,String,String,Yes,OBJECT
Quote,amounts,QuoteAmounts!,QuoteAmounts,No,OBJECT
Quote,client,Client,Client,Yes,OBJECT
Quote,clientHubUri,String,String,Yes,OBJECT
Quote,clientHubViewedAt,ISO8601DateTime,ISO8601DateTime,Yes,OBJECT
Quote,contractDisclaimer,String,String,Yes,OBJECT
Quote,createdAt,ISO8601DateTime!,ISO8601DateTime,No,OBJECT
Quote,customFields,[Unknown]!,Unknown,No,OBJECT
Quote,depositAmountUnallocated,Float,Float,Yes,OBJECT
Quote,depositRecords,PaymentRecordConnection!,PaymentRecordConnection,No,OBJECT
Quote,eligibleForFinancing,Boolean!,Boolean,No,OBJECT
Quote,id,EncodedId!,EncodedId,No,OBJECT
Quote,jobberWebUri,String!,String,No,OBJECT
Quote,jobs,JobConnection,JobConnection,Yes,OBJECT
Quote,lastTransitioned,QuoteLastTransitioned!,QuoteLastTransitioned,No,OBJECT
Quote,lineItems,QuoteLineItemConnection!,QuoteLineItemConnection,No,OBJECT
Quote,linkedCommunications,MessageInterfaceConnection!,MessageInterfaceConnection,No,OBJECT
Quote,message,String,String,Yes,OBJECT
Quote,noteAttachments,QuoteNoteFileConnection!,QuoteNoteFileConnection,No,OBJECT
Quote,notes,QuoteNoteUnionConnection!,QuoteNoteUnionConnection,No,OBJECT
Quote,property,Property,Property,Yes,OBJECT
Quote,quoteNumber,String!,String,No,OBJECT
Quote,quoteStatus,QuoteStatusTypeEnum!,QuoteStatusTypeEnum,No,OBJECT
Quote,request,Request,Request,Yes,OBJECT
Quote,salesperson,User,User,Yes,OBJECT
Quote,sentAt,ISO8601DateTime,ISO8601DateTime,Yes,OBJECT
Quote,taxDetails,TaxDetails,TaxDetails,Yes,OBJECT
Quote,title,String,String,Yes,OBJECT
Quote,transitionedAt,ISO8601DateTime!,ISO8601DateTime,No,OBJECT
Quote,unallocatedDepositRecords,PaymentRecordConnection!,PaymentRecordConnection,No,OBJECT
Quote,updatedAt,ISO8601DateTime!,ISO8601DateTime,No,OBJECT
QuoteAmounts,depositAmount,Float!,Float,No,OBJECT
QuoteAmounts,discountAmount,Float!,Float,No,OBJECT
QuoteAmounts,nonTaxAmount,Float!,Float,No,OBJECT
QuoteAmounts,outstandingDepositAmount,Float!,Float,No,OBJECT
QuoteAmounts,subtotal,Float!,Float,No,OBJECT
QuoteAmounts,taxAmount,Float!,Float,No,OBJECT
QuoteAmounts,total,Float!,Float,No,OBJECT
QuoteLineItem,category,ProductsAndServicesCategory!,ProductsAndServicesCategory,No,OBJECT
QuoteLineItem,createdAt,ISO8601DateTime!,ISO8601DateTime,No,OBJECT
QuoteLineItem,description,String!,String,No,OBJECT
QuoteLineItem,id,EncodedId!,EncodedId,No,OBJECT
QuoteLineItem,linkedProductOrService,ProductOrService,ProductOrService,Yes,OBJECT
QuoteLineItem,markup,Float,Float,Yes,OBJECT
QuoteLineItem,name,String!,String,No,OBJECT
QuoteLineItem,optional,Boolean!,Boolean,No,OBJECT
QuoteLineItem,quantity,Float!,Float,No,OBJECT
QuoteLineItem,recommended,Boolean,Boolean,Yes,OBJECT
QuoteLineItem,sortOrder,Int,Int,Yes,OBJECT
QuoteLineItem,taxable,Boolean!,Boolean,No,OBJECT
QuoteLineItem,textOnly,Boolean!,Boolean,No,OBJECT
QuoteLineItem,totalCost,Float,Float,Yes,OBJECT
QuoteLineItem,totalPrice,Float!,Float,No,OBJECT
QuoteLineItem,unitCost,Float,Float,Yes,OBJECT
QuoteLineItem,unitPrice,Float!,Float,No,OBJECT
QuoteLineItem,updatedAt,ISO8601DateTime!,ISO8601DateTime,No,OBJECT
Request,arrivalWindow,ArrivalWindow,ArrivalWindow,Yes,OBJECT
Request,assessment,Assessment,Assessment,Yes,OBJECT
Request,client,Client!,Client,No,OBJECT
Request,companyName,String,String,Yes,OBJECT
Request,contactName,String,String,Yes,OBJECT
Request,createdAt,ISO8601DateTime!,ISO8601DateTime,No,OBJECT
Request,email,String,String,Yes,OBJECT
Request,id,EncodedId!,EncodedId,No,OBJECT
Request,isArchivable,Boolean!,Boolean,No,OBJECT
Request,isScheduled,Boolean!,Boolean,No,OBJECT
Request,jobberWebUri,String!,String,No,OBJECT
Request,jobs,JobConnection!,JobConnection,No,OBJECT
Request,lineItems,RequestLineItemConnection,RequestLineItemConnection,Yes,OBJECT
Request,noteAttachments,RequestNoteFileConnection!,RequestNoteFileConnection,No,OBJECT
Request,notes,RequestNoteUnionConnection!,RequestNoteUnionConnection,No,OBJECT
Request,phone,String,String,Yes,OBJECT
Request,property,Property,Property,Yes,OBJECT
Request,quotes,QuoteConnection!,QuoteConnection,No,OBJECT
Request,referringClient,Client,Client,Yes,OBJECT
Request,requestStatus,RequestStatusTypeEnum!,RequestStatusTypeEnum,No,OBJECT
Request,source,String!,String,No,OBJECT
Request,title,String,String,Yes,OBJECT
Request,updatedAt,ISO8601DateTime!,ISO8601DateTime,No,OBJECT
TimeSheetEntry,approved,Boolean!,Boolean,No,OBJECT
TimeSheetEntry,approvedBy,User,User,Yes,OBJECT
TimeSheetEntry,client,Client,Client,Yes,OBJECT
TimeSheetEntry,createdAt,ISO8601DateTime!,ISO8601DateTime,No,OBJECT
TimeSheetEntry,endAt,ISO8601DateTime,ISO8601DateTime,Yes,OBJECT
TimeSheetEntry,finalDuration,Seconds!,Seconds,No,OBJECT
TimeSheetEntry,id,EncodedId!,EncodedId,No,OBJECT
TimeSheetEntry,job,Job,Job,Yes,OBJECT
TimeSheetEntry,label,String,String,Yes,OBJECT
TimeSheetEntry,labourRate,Float,Float,Yes,OBJECT
TimeSheetEntry,note,String,String,Yes,OBJECT
TimeSheetEntry,paidBy,User,User,Yes,OBJECT
TimeSheetEntry,startAt,ISO8601DateTime!,ISO8601DateTime,No,OBJECT
TimeSheetEntry,ticking,Boolean!,Boolean,No,OBJECT
TimeSheetEntry,updatedAt,ISO8601DateTime!,ISO8601DateTime,No,OBJECT
TimeSheetEntry,user,User,User,Yes,OBJECT
TimeSheetEntry,visit,Visit,Visit,Yes,OBJECT
TimeSheetEntry,visitDurationTotal,Int!,Int,No,OBJECT
User,account,Account,Account,Yes,OBJECT
User,address,UserAddress,UserAddress,Yes,OBJECT
User,apps,ApplicationConnection!,ApplicationConnection,No,OBJECT
User,assignedColor,String,String,Yes,OBJECT
User,assignedVehicle,Vehicle,Vehicle,Yes,OBJECT
User,availableForScheduling,Boolean!,Boolean,No,OBJECT
User,createdAt,ISO8601DateTime!,ISO8601DateTime,No,OBJECT
User,customFields,[Unknown]!,Unknown,No,OBJECT
User,email,UserEmail!,UserEmail,No,OBJECT
User,firstDayOfTheWeek,UserFirstDayOfTheWeekEnum!,UserFirstDayOfTheWeekEnum,No,OBJECT
User,franchiseTokenLastFour,String,String,Yes,OBJECT
User,id,EncodedId!,EncodedId,No,OBJECT
User,isAccountAdmin,Boolean!,Boolean,No,OBJECT
User,isAccountOwner,Boolean!,Boolean,No,OBJECT
User,isCurrentUser,Boolean!,Boolean,No,OBJECT
User,lastLoginAt,ISO8601DateTime,ISO8601DateTime,Yes,OBJECT
User,name,Name!,Name,No,OBJECT
User,phone,UserPhone,UserPhone,Yes,OBJECT
User,status,UserStatusEnum!,UserStatusEnum,No,OBJECT
User,timezone,Timezone,Timezone,Yes,OBJECT
User,uuid,String!,String,No,OBJECT
UserEmail,isValid,Boolean!,Boolean,No,OBJECT
UserEmail,raw,String!,String,No,OBJECT
UserPhone,areaCode,String,String,Yes,OBJECT
UserPhone,countryCode,String,String,Yes,OBJECT
UserPhone,friendly,String,String,Yes,OBJECT
UserPhone,isValid,Boolean!,Boolean,No,OBJECT
UserPhone,raw,String!,String,No,OBJECT
Visit,actionsUponComplete,[Unknown]!,Unknown,No,OBJECT
Visit,allDay,Boolean!,Boolean,No,OBJECT
Visit,arrivalWindow,ArrivalWindow,ArrivalWindow,Yes,OBJECT
Visit,assignedUsers,UserConnection,UserConnection,Yes,OBJECT
Visit,client,Client!,Client,No,OBJECT
Visit,clientConfirmed,Boolean!,Boolean,No,OBJECT
Visit,completedAt,ISO8601DateTime,ISO8601DateTime,Yes,OBJECT
Visit,completedBy,String,String,Yes,OBJECT
Visit,createdAt,ISO8601DateTime!,ISO8601DateTime,No,OBJECT
Visit,createdBy,User,User,Yes,OBJECT
Visit,duration,Int,Int,Yes,OBJECT
Visit,endAt,ISO8601DateTime,ISO8601DateTime,Yes,OBJECT
Visit,id,EncodedId!,EncodedId,No,OBJECT
Visit,incompleteJobFormsCount,Int!,Int,No,OBJECT
Visit,instructions,String,String,Yes,OBJECT
Visit,invoice,Invoice,Invoice,Yes,OBJECT
Visit,isComplete,Boolean!,Boolean,No,OBJECT
Visit,isDefaultTitle,Boolean!,Boolean,No,OBJECT
Visit,isLastScheduledVisit,Boolean!,Boolean,No,OBJECT
Visit,job,Job!,Job,No,OBJECT
Visit,lineItems,JobLineItemConnection!,JobLineItemConnection,No,OBJECT
Visit,notes,JobNoteUnionConnection,JobNoteUnionConnection,Yes,OBJECT
Visit,overrideOrder,Int,Int,Yes,OBJECT
Visit,property,Property!,Property,No,OBJECT
Visit,routingOrder,Int,Int,Yes,OBJECT
Visit,startAt,ISO8601DateTime,ISO8601DateTime,Yes,OBJECT
Visit,teamReminderOffset,Minutes,Minutes,Yes,OBJECT
Visit,timeSheetEntries,TimeSheetEntryConnection,TimeSheetEntryConnection,Yes,OBJECT
Visit,title,String,String,Yes,OBJECT
Visit,visitStatus,VisitStatusTypeEnum!,VisitStatusTypeEnum,No,OBJECT
